{"A": {"plt": 221, "data": [[-0.7685546875, -0.763671875, -0.767578125, -0.7744140625, -0.7646484375, -0.771484375, -0.7802734375, -0.7724609375, -0.77734375, -0.7666015625, -0.7744140625, -0.7646484375, -0.765625, -0.767578125, -0.763671875, -0.7685546875, -0.763671875, -0.7744140625, -0.7705078125, -0.7734375, -0.7744140625, -0.77734375, -0.7763671875, -0.765625, -0.76953125, -0.76171875, -0.771484375, -0.7626953125, -0.763671875, -0.7724609375, -0.763671875, -0.7734375, -0.765625, -0.7763671875, -0.7744140625, -0.7734375, -0.775390625, -0.7685546875, -0.775390625, -0.767578125, -0.771484375, -0.7724609375, -0.7705078125, -0.7744140625, -0.765625, -0.7724609375, -0.763671875, -0.7685546875, -0.7666015625, -0.7666015625, -0.7685546875, -0.763671875, -0.7705078125, -0.763671875, -0.7734375, -0.7626953125, -0.775390625, -0.767578125, -0.7763671875, -0.7744140625, -0.775390625, -0.771484375, -0.7705078125, -0.7744140625, -0.7666015625, -0.7744140625], [-0.66015625, -0.6611328125, -0.6630859375, -0.6669921875, -0.6650390625, -0.666015625, -0.666015625, -0.6650390625, -0.6669921875, -0.666015625, -0.6630859375, -0.6640625, -0.666015625, -0.662109375, -0.666015625, -0.6630859375, -0.6611328125, -0.6611328125, -0.6640625, -0.66015625, -0.66015625, -0.66015625, -0.6689453125, -0.6630859375, -0.662109375, -0.666015625, -0.6630859375, -0.6640625, -0.6669921875, -0.6611328125, -0.66015625, -0.66796875, -0.666015625, -0.666015625, -0.6650390625, -0.6640625, -0.662109375, -0.666015625, -0.6630859375, -0.6630859375, -0.6611328125, -0.66796875, -0.6650390625, -0.6630859375, -0.6640625, -0.6630859375, -0.66015625, -0.6630859375, -0.662109375, -0.6669921875, -0.65625, -0.66015625, -0.6611328125, -0.6630859375, -0.6640625, -0.6640625, -0.666015625, -0.6591796875, -0.6669921875, -0.6650390625, -0.6669921875, -0.6630859375, -0.6650390625, -0.6650390625, -0.6630859375, -0.6640625], [-0.0302734375, -0.0361328125, -0.029296875, -0.0302734375, -0.0322265625, -0.0322265625, -0.0322265625, -0.0322265625, -0.03125, -0.0322265625, -0.033203125, -0.0302734375, -0.03125, -0.025390625, -0.0361328125, -0.0302734375, -0.03125, -0.0302734375, -0.033203125, -0.03125, -0.0302734375, -0.029296875, -0.0341796875, -0.033203125, -0.0302734375, -0.037109375, -0.03125, -0.0341796875, -0.0302734375, -0.033203125, -0.0322265625, -0.0244140625, -0.0322265625, -0.0283203125, -0.02734375, -0.0283203125, -0.029296875, -0.03515625, -0.0322265625, -0.03125, -0.0283203125, -0.0361328125, -0.0341796875, -0.02734375, -0.033203125, -0.0341796875, -0.0341796875, -0.037109375, -0.033203125, -0.03515625, -0.0322265625, -0.0361328125, -0.0322265625, -0.03515625, -0.0302734375, -0.03125, -0.0322265625, -0.0283203125, -0.03125, -0.0302734375, -0.03125, -0.029296875, -0.033203125, -0.029296875, -0.0341796875, -0.029296875]], "time": [1.6579999923706055, 1.7719998359680176, 1.9039998054504395, 2.0309998989105225, 2.1569998264312744, 2.2819998264312744, 2.4079999923706055, 2.5329999923706055, 2.6599998474121094, 2.7869999408721924, 2.9149999618530273, 3.0419998168945312, 3.1689999103546143, 3.294999837875366, 3.4210000038146973, 3.547999858856201, 3.676999807357788, 3.802999973297119, 3.934000015258789, 4.061999797821045, 4.18999981880188, 4.316999912261963, 4.44599986076355, 4.572999954223633, 4.699999809265137, 4.827999830245972, 4.954999923706055, 5.099999904632568, 5.227999925613403, 5.355000019073486, 5.482999801635742, 5.610999822616577, 5.740000009536743, 5.867999792098999, 5.994999885559082, 6.125999927520752, 6.251999855041504, 6.379999876022339, 6.506999969482422, 6.635999917984009, 6.763999938964844, 6.891999959945679, 7.020999908447266, 7.146999835968018, 7.2749998569488525, 7.4019999504089355, 7.5289998054504395, 7.6559998989105225, 7.783999919891357, 7.912999868392944, 8.04099988937378, 8.167999982833862, 8.296000003814697, 8.423999786376953, 8.55299997329712, 8.681999921798706, 8.809999942779541, 8.937999963760376, 9.065999984741211, 9.192999839782715, 9.32099986076355, 9.448999881744385, 9.575999975204468, 9.702999830245972, 9.828999996185303, 9.957000017166138]}, "M": {"plt": 222, "data": [[0.060546875, 0.0654296875, 0.0634765625, 0.0625, 0.0615234375, 0.0615234375, 0.064453125, 0.0625, 0.060546875, 0.0615234375, 0.0625, 0.0625, 0.0615234375, 0.0634765625, 0.064453125, 0.06640625, 0.0615234375, 0.060546875, 0.060546875, 0.0654296875, 0.060546875, 0.0615234375, 0.0625, 0.0634765625, 0.0634765625, 0.0634765625, 0.0625, 0.0625, 0.0625, 0.0595703125, 0.0595703125, 0.0576171875, 0.060546875, 0.0625, 0.0625, 0.0625, 0.0625, 0.0615234375, 0.0615234375, 0.064453125, 0.0595703125, 0.060546875, 0.0625, 0.0625, 0.060546875, 0.0615234375, 0.060546875, 0.0625, 0.0654296875, 0.0654296875, 0.0625, 0.060546875, 0.0615234375, 0.0625, 0.0625, 0.0625, 0.0625, 0.0625, 0.0615234375, 0.0625, 0.060546875, 0.060546875, 0.060546875, 0.0595703125, 0.0634765625, 0.0615234375], [-0.236328125, -0.2333984375, -0.23828125, -0.236328125, -0.2373046875, -0.2373046875, -0.234375, -0.2333984375, -0.2353515625, -0.236328125, -0.2353515625, -0.2353515625, -0.2373046875, -0.23828125, -0.2373046875, -0.2373046875, -0.2353515625, -0.234375, -0.234375, -0.234375, -0.23828125, -0.2373046875, -0.234375, -0.2373046875, -0.2373046875, -0.236328125, -0.2373046875, -0.2333984375, -0.2353515625, -0.234375, -0.234375, -0.234375, -0.23828125, -0.234375, -0.234375, -0.23828125, -0.23828125, -0.2333984375, -0.2353515625, -0.236328125, -0.2353515625, -0.2373046875, -0.236328125, -0.236328125, -0.236328125, -0.2373046875, -0.2333984375, -0.23828125, -0.236328125, -0.236328125, -0.236328125, -0.2333984375, -0.236328125, -0.234375, -0.2353515625, -0.2353515625, -0.234375, -0.236328125, -0.236328125, -0.234375, -0.234375, -0.2353515625, -0.2353515625, -0.2353515625, -0.236328125, -0.2353515625], [0.171875, 0.171875, 0.1728515625, 0.171875, 0.1748046875, 0.1748046875, 0.1748046875, 0.1748046875, 0.1728515625, 0.171875, 0.17578125, 0.17578125, 0.1748046875, 0.1748046875, 0.173828125, 0.1748046875, 0.173828125, 0.173828125, 0.173828125, 0.1748046875, 0.173828125, 0.173828125, 0.1748046875, 0.171875, 0.171875, 0.1748046875, 0.173828125, 0.17578125, 0.1728515625, 0.1748046875, 0.1748046875, 0.171875, 0.173828125, 0.1728515625, 0.1728515625, 0.17578125, 0.17578125, 0.1708984375, 0.171875, 0.173828125, 0.1728515625, 0.171875, 0.173828125, 0.173828125, 0.1728515625, 0.1748046875, 0.1728515625, 0.171875, 0.1708984375, 0.1708984375, 0.1748046875, 0.177734375, 0.1748046875, 0.173828125, 0.173828125, 0.173828125, 0.171875, 0.173828125, 0.173828125, 0.1728515625, 0.1748046875, 0.1728515625, 0.1728515625, 0.173828125, 0.171875, 0.173828125]], "time": [1.7139999866485596, 1.8619999885559082, 1.9900000095367432, 2.115000009536743, 2.240999937057495, 2.365999937057495, 2.490999937057495, 2.616999864578247, 2.744999885559082, 2.872999906539917, 3.0, 3.126999855041504, 3.253999948501587, 3.379999876022339, 3.504999876022339, 3.634999990463257, 3.760999917984009, 3.8919999599456787, 4.018999814987183, 4.148000001907349, 4.273999929428101, 4.3999998569488525, 4.5299999713897705, 4.6579999923706055, 4.784999847412109, 4.912999868392944, 5.057999849319458, 5.184999942779541, 5.311999797821045, 5.440999984741211, 5.569000005722046, 5.696999788284302, 5.824999809265137, 5.95199990272522, 6.08299994468689, 6.2099997997283936, 6.3379998207092285, 6.46399998664856, 6.5929999351501465, 6.721999883651733, 6.848999977111816, 6.976999998092651, 7.105000019073486, 7.232999801635742, 7.359999895095825, 7.485999822616577, 7.613999843597412, 7.741999864578247, 7.869999885559082, 7.997999906539917, 8.125999927520752, 8.253999948501587, 8.38099980354309, 8.508999824523926, 8.638999938964844, 8.76799988746643, 8.895999908447266, 9.0239999294281, 9.150999784469604, 9.276999950408936, 9.406999826431274, 9.533999919891357, 9.66100001335144, 9.787999868392944, 9.914999961853027, 10.042999982833862]}, "G": {"plt": 223,